{
  "aruco": {
    "reference_id": 23,
    "marker_size_mm": 42.0,
    "center_x_mm": 50.0,
    "center_y_mm": 50.0,
    "show_reference": true,
    "use_saved_reference": false,
    "saved_reference": {
      "px_per_mm": 4.305946713402157,
      "angle_deg": 177.13759477388828,
      "timestamp": "2025-10-24T10:18:40.858785",
      "center": [
        812,
        743
      ],
      "corners": [
        [
          903.0,
          829.0
        ],
        [
          721.0,
          840.0
        ],
        [
          723.0,
          655.0
        ],
        [
          901.0,
          651.0
        ]
      ]
    }
  }
}