{
  "camera_matrix": [
    [
      4307.380209214055,
      0.0,
      969.2042493177785
    ],
    [
      0.0,
      4263.942574451291,
      522.1516023192972
    ],
    [
      0.0,
      0.0,
      1.0
    ]
  ],
  "distortion_coefficients": [
    [
      4.9533625838795565,
      57.34608780481877,
      -0.023816306426596354,
      -0.007975655524916456,
      -0.1726945584273534,
      3.723867352293856,
      18.799705516303995,
      0.181428204732335,
      0.0,
      0.0,
      0.0,
      0.0,
      0.0,
      0.0
    ]
  ],
  "reprojection_error": 0.22049284118551601,
  "frames_used": 20,
  "resolution": [
    1920,
    1080
  ],
  "timestamp": "2025-10-20 16:17:14"
}